Model,BLEURT acc,bleu acc,rouge1 acc
Base_test,0.49019607843137253,0.45098039215686275,0.43137254901960786
