Model,BLEURT acc,bleu acc,rouge1 acc
Base_test,0.35353535353535354,0.3333333333333333,0.31313131313131315
