Model,BLEURT acc,bleu acc,rouge1 acc
Base_test,0.3448275862068966,0.22413793103448276,0.3103448275862069
