Model,BLEURT acc,bleu acc,rouge1 acc
Base_test,0.31007751937984496,0.26356589147286824,0.24806201550387597
