Model,BLEURT acc,bleu acc,rouge1 acc
Base_test,0.47058823529411764,0.3137254901960784,0.35294117647058826
