Model,BLEURT acc,bleu acc,rouge1 acc
Base_test,0.5161290322580645,0.41935483870967744,0.45161290322580644
