Model,BLEURT acc,bleu acc,rouge1 acc
Base_test,0.3103448275862069,0.1896551724137931,0.20689655172413793
