Model,BLEURT acc,bleu acc,rouge1 acc
Base_test,0.43103448275862066,0.22413793103448276,0.29310344827586204
