Model,BLEURT acc,bleu acc,rouge1 acc
Base_test,0.43137254901960786,0.3137254901960784,0.3137254901960784
