Model,BLEURT acc,bleu acc,rouge1 acc
Base_test,0.38461538461538464,0.3076923076923077,0.28205128205128205
