Model,BLEURT acc,bleu acc,rouge1 acc
Base_test,0.27450980392156865,0.19607843137254902,0.17647058823529413
