Model,BLEURT acc,bleu acc,rouge1 acc
Base_test,0.34108527131782945,0.2248062015503876,0.24031007751937986
