Model,BLEURT acc,bleu acc,rouge1 acc
Base_test,0.3333333333333333,0.29457364341085274,0.31007751937984496
