Model,BLEURT acc,bleu acc,rouge1 acc
Base_test,0.3939393939393939,0.2828282828282828,0.2828282828282828
