Model,BLEURT acc,bleu acc,rouge1 acc
Base_test,0.35353535353535354,0.32323232323232326,0.35353535353535354
