Model,BLEURT acc,bleu acc,rouge1 acc
Base_test,0.4358974358974359,0.3076923076923077,0.28205128205128205
