Model,BLEURT acc,bleu acc,rouge1 acc
Base_test,0.3448275862068966,0.1896551724137931,0.22413793103448276
