Model,BLEURT acc,bleu acc,rouge1 acc
Base_test,0.5862068965517241,0.5517241379310345,0.41379310344827586
