Model,BLEURT acc,bleu acc,rouge1 acc
Base_test,0.3875968992248062,0.29457364341085274,0.3023255813953488
