Model,BLEURT acc,bleu acc,rouge1 acc
Base_test,0.5490196078431373,0.29411764705882354,0.43137254901960786
