Model,BLEURT acc,bleu acc,rouge1 acc
Base_test,0.5882352941176471,0.45098039215686275,0.5294117647058824
