Model,BLEURT acc,bleu acc,rouge1 acc
Base_test,0.32558139534883723,0.24031007751937986,0.2558139534883721
