Model,BLEURT acc,bleu acc,rouge1 acc
Base_test,0.27586206896551724,0.1896551724137931,0.27586206896551724
