Model,BLEURT acc,bleu acc,rouge1 acc
Base_test,0.48484848484848486,0.37373737373737376,0.4444444444444444
