Model,BLEURT acc,bleu acc,rouge1 acc
Base_test,0.32323232323232326,0.32323232323232326,0.3333333333333333
