Model,BLEURT acc,bleu acc,rouge1 acc
Base_test,0.4827586206896552,0.3620689655172414,0.39655172413793105
