Model,BLEURT acc,bleu acc,rouge1 acc
Base_test,0.43137254901960786,0.3333333333333333,0.37254901960784315
