Model,BLEURT acc,bleu acc,rouge1 acc
Base_test,0.45161290322580644,0.3870967741935484,0.3225806451612903
