Model,BLEURT acc,bleu acc,rouge1 acc
Base_test,0.7647058823529411,0.49019607843137253,0.5490196078431373
