Model,BLEURT acc,bleu acc,rouge1 acc
Base_test,0.9354838709677419,0.8064516129032258,0.9354838709677419
