Model,BLEURT acc,bleu acc,rouge1 acc
Base_test,0.23255813953488372,0.2558139534883721,0.20155038759689922
