Model,BLEURT acc,bleu acc,rouge1 acc
Base_test,0.2868217054263566,0.24031007751937986,0.20930232558139536
