Model,BLEURT acc,bleu acc,rouge1 acc
Base_test,0.5384615384615384,0.3076923076923077,0.28205128205128205
