Model,BLEURT acc,bleu acc,rouge1 acc
Base_test,0.48484848484848486,0.48484848484848486,0.494949494949495
