Model,BLEURT acc,bleu acc,rouge1 acc
Base_test,0.4411764705882353,0.20588235294117646,0.29411764705882354
