Model,BLEURT acc,bleu acc,rouge1 acc
Base_test,0.7586206896551724,0.7241379310344828,0.7586206896551724
