Model,BLEURT acc,bleu acc,rouge1 acc
Base_test,0.8686868686868687,0.9090909090909091,0.9090909090909091
