Model,BLEURT acc,bleu acc,rouge1 acc
Base_test,0.5294117647058824,0.4117647058823529,0.4117647058823529
