Model,BLEURT acc,bleu acc,rouge1 acc
Base_test,0.5294117647058824,0.29411764705882354,0.38235294117647056
